product_id,product_name
FUR-BO-10000087,"Dania Classic Bookcase, Mobile"
FUR-BO-10000087,"Sauder Corner Shelving, Pine"
FUR-BO-10000112,"Bush Birmingham Collection Bookcase, Dark Cherry"
FUR-BO-10000112,"Dania Corner Shelving, Pine"
FUR-BO-10000268,"Bush Library with Doors, Pine"
FUR-BO-10000268,"Ikea 3-Shelf Cabinet, Traditional"
FUR-BO-10000668,"Ikea Corner Shelving, Traditional"
FUR-BO-10000668,"Sauder Classic Bookcase, Mobile"
FUR-BO-10000728,"Dania Corner Shelving, Traditional"
FUR-BO-10000728,"Ikea Classic Bookcase, Mobile"
FUR-BO-10000895,"Sauder Corner Shelving, Metal"
FUR-BO-10000895,"Sauder Stackable Bookrack, Pine"
FUR-BO-10001155,"Dania 3-Shelf Cabinet, Traditional"
FUR-BO-10001155,"Ikea 3-Shelf Cabinet, Metal"
FUR-BO-10001585,"Ikea Floating Shelf Set, Traditional"
FUR-BO-10001585,"Sauder Floating Shelf Set, Mobile"
FUR-BO-10001646,"Safco Corner Shelving, Metal"
FUR-BO-10001646,"Safco Library with Doors, Pine"
FUR-BO-10002204,"Bush Classic Bookcase, Pine"
FUR-BO-10002204,"Bush Corner Shelving, Traditional"
FUR-BO-10002204,"Dania Floating Shelf Set, Traditional"
FUR-BO-10002213,DMI Eclipse Executive Suite Bookcases
FUR-BO-10002213,"Sauder Forest Hills Library, Woodland Oak Finish"
FUR-BO-10002300,"Dania Classic Bookcase, Traditional"
FUR-BO-10002300,"Safco 3-Shelf Cabinet, Mobile"
FUR-BO-10002510,"Bush 3-Shelf Cabinet, Mobile"
FUR-BO-10002510,"Safco 3-Shelf Cabinet, Traditional"
FUR-BO-10002981,"Bush Floating Shelf Set, Metal"
FUR-BO-10002981,"Sauder Stackable Bookrack, Traditional"
FUR-BO-10003034,"O'Sullivan Elevations Bookcase, Cherry Finish"
FUR-BO-10003034,"Sauder Stackable Bookrack, Pine"
FUR-BO-10003103,"Dania Floating Shelf Set, Pine"
FUR-BO-10003103,"Ikea Classic Bookcase, Metal"
FUR-BO-10003159,"Dania Stackable Bookrack, Pine"
FUR-BO-10003159,"Sauder Camden County Collection Libraries, Planked Cherry Finish"
FUR-BO-10003530,"Safco 3-Shelf Cabinet, Pine"
FUR-BO-10003530,"Safco Classic Bookcase, Metal"
FUR-BO-10004709,"Bush Classic Bookcase, Pine"
FUR-BO-10004709,"Bush Westfield Collection Bookcases, Medium Cherry Finish"
FUR-BO-10004771,"Ikea Classic Bookcase, Traditional"
FUR-BO-10004771,"Safco Library with Doors, Traditional"
FUR-BO-10004806,"Safco Corner Shelving, Traditional"
FUR-BO-10004806,"Sauder Classic Bookcase, Metal"
FUR-BO-10004834,"Riverside Palais Royal Lawyers Bookcase, Royale Cherry Finish"
FUR-BO-10004834,"Safco 3-Shelf Cabinet, Mobile"
FUR-CH-10000068,"Office Star Steel Folding Chair, Red"
FUR-CH-10000068,"SAFCO Rocking Chair, Black"
FUR-CH-10000105,"Hon Steel Folding Chair, Set of Two"
FUR-CH-10000105,"Novimex Bag Chairs, Black"
FUR-CH-10000214,"Harbour Creations Bag Chairs, Black"
FUR-CH-10000214,"Hon Rocking Chair, Set of Two"
FUR-CH-10000430,"SAFCO Rocking Chair, Set of Two"
FUR-CH-10000430,"SAFCO Swivel Stool, Red"
FUR-CH-10000994,"Harbour Creations Rocking Chair, Black"
FUR-CH-10000994,"Office Star Steel Folding Chair, Red"
FUR-CH-10001146,"Global Task Chair, Black"
FUR-CH-10001146,"Global Value Mid-Back Manager's Chair, Gray"
FUR-CH-10001191,"Hon Bag Chairs, Adjustable"
FUR-CH-10001191,"Office Star Steel Folding Chair, Red"
FUR-CH-10001262,"Novimex Bag Chairs, Red"
FUR-CH-10001262,"Office Star Rocking Chair, Set of Two"
FUR-CH-10001270,Harbour Creations Steel Folding Chair
FUR-CH-10001270,"SAFCO Rocking Chair, Black"
FUR-CH-10001332,"Hon Chairmat, Black"
FUR-CH-10001332,"Office Star Executive Leather Armchair, Red"
FUR-CH-10001536,"Harbour Creations Chairmat, Red"
FUR-CH-10001536,"Harbour Creations Swivel Stool, Red"
FUR-CH-10001784,"SAFCO Bag Chairs, Adjustable"
FUR-CH-10001784,"SAFCO Steel Folding Chair, Set of Two"
FUR-CH-10001797,"Harbour Creations Bag Chairs, Adjustable"
FUR-CH-10001797,"Safco Chair Connectors, 6/Carton"
FUR-CH-10001802,Hon Every-Day Chair Series Swivel Task Chairs
FUR-CH-10001802,"Novimex Rocking Chair, Black"
FUR-CH-10002212,"Hon Chairmat, Black"
FUR-CH-10002212,"Novimex Swivel Stool, Adjustable"
FUR-CH-10002335,"Hon Bag Chairs, Set of Two"
FUR-CH-10002335,Hon GuestStacker Chair
FUR-CH-10002335,"Hon Steel Folding Chair, Red"
FUR-CH-10002647,"Novimex Rocking Chair, Red"
FUR-CH-10002647,"Situations Contoured Folding Chairs, 4/Set"
FUR-CH-10002780,Office Star - Task Chair with Contemporary Loop Arms
FUR-CH-10002780,"Office Star Executive Leather Armchair, Black"
FUR-CH-10003249,"Novimex Chairmat, Adjustable"
FUR-CH-10003249,"Office Star Steel Folding Chair, Black"
FUR-CH-10003312,Hon 2090 “Pillow Soft” Series Mid Back Swivel/Tilt Chairs
FUR-CH-10003312,"SAFCO Swivel Stool, Adjustable"
FUR-CH-10003354,"Harbour Creations Swivel Stool, Red"
FUR-CH-10003354,"Novimex Bag Chairs, Black"
FUR-CH-10003746,Hon 4070 Series Pagoda Round Back Stacking Chairs
FUR-CH-10003746,"Novimex Executive Leather Armchair, Black"
FUR-CH-10003846,Hon Valutask Swivel Chairs
FUR-CH-10003846,"Office Star Swivel Stool, Set of Two"
FUR-CH-10004095,"Novimex Steel Folding Chair, Black"
FUR-CH-10004095,"SAFCO Executive Leather Armchair, Adjustable"
FUR-CH-10004194,"Harbour Creations Steel Folding Chair, Set of Two"
FUR-CH-10004194,"Novimex Bag Chairs, Red"
FUR-CH-10004387,"Hon Chairmat, Red"
FUR-CH-10004387,"Office Star Bag Chairs, Red"
FUR-CH-10004572,"Harbour Creations Bag Chairs, Red"
FUR-CH-10004572,"Office Star Executive Leather Armchair, Adjustable"
FUR-ELD-10003802,"Eldon Door Stop, Duo Pack"
FUR-ELD-10003802,"Eldon Photo Frame, Durable"
FUR-FU-10000295,"Advantus Light Bulb, Black"
FUR-FU-10000295,"Advantus Light Bulb, Durable"
FUR-FU-10000361,"Deflect-O Photo Frame, Erganomic"
FUR-FU-10000361,"Eldon Stacking Tray, Duo Pack"
FUR-FU-10000718,"Rubbermaid Stacking Tray, Black"
FUR-FU-10000718,"Tenex Stacking Tray, Erganomic"
FUR-FU-10000944,"Advantus Light Bulb, Black"
FUR-FU-10000944,"Tenex Door Stop, Black"
FUR-FU-10001252,"Eldon Clock, Erganomic"
FUR-FU-10001252,"Eldon Frame, Duo Pack"
FUR-FU-10001410,"Tenex Clock, Durable"
FUR-FU-10001410,"Tenex Frame, Black"
FUR-FU-10001424,Dax Clear Box Frame
FUR-FU-10001424,"Eldon Photo Frame, Durable"
FUR-FU-10001473,DAX Wood Document Frame
FUR-FU-10001473,"Eldon Executive Woodline II Desk Accessories, Mahogany"
FUR-FU-10001477,"Deflect-O Frame, Erganomic"
FUR-FU-10001477,"Rubbermaid Stacking Tray, Black"
FUR-FU-10001617,"Eldon Frame, Black"
FUR-FU-10001617,"Executive Impressions 8-1/2"" Career Panel/Partition Cubicle Clock"
FUR-FU-10001692,"Deflect-O Clock, Durable"
FUR-FU-10001692,"Eldon Clock, Duo Pack"
FUR-FU-10001933,"Deflect-O Door Stop, Duo Pack"
FUR-FU-10001933,"Rubbermaid Stacking Tray, Erganomic"
FUR-FU-10001933,"Tenex Stacking Tray, Black"
FUR-FU-10001935,3M Hangers With Command Adhesive
FUR-FU-10001935,"Eldon Light Bulb, Black"
FUR-FU-10002019,"Eldon Light Bulb, Durable"
FUR-FU-10002019,"Eldon Photo Frame, Black"
FUR-FU-10002170,"Deflect-O Frame, Duo Pack"
FUR-FU-10002170,"Eldon Stacking Tray, Durable"
FUR-FU-10002659,"Eldon Clock, Black"
FUR-FU-10002659,"Tenex Door Stop, Erganomic"
FUR-FU-10002829,"Deflect-O Clock, Black"
FUR-FU-10002829,"Deflect-O Photo Frame, Black"
FUR-FU-10002928,"Eldon Light Bulb, Erganomic"
FUR-FU-10002928,"Rubbermaid Clock, Durable"
FUR-FU-10002937,"GE 48"" Fluorescent Tube, Cool White Energy Saver, 34 Watts, 30/Box"
FUR-FU-10002937,"Rubbermaid Light Bulb, Durable"
FUR-FU-10003414,"Deflect-O Light Bulb, Erganomic"
FUR-FU-10003414,"Tenex Clock, Duo Pack"
FUR-FU-10003540,"Deflect-O Light Bulb, Erganomic"
FUR-FU-10003540,"Deflect-O Stacking Tray, Erganomic"
FUR-FU-10003608,"Advantus Light Bulb, Black"
FUR-FU-10003608,"Tenex Light Bulb, Erganomic"
FUR-FU-10003664,"Electrix Architect's Clamp-On Swing Arm Lamp, Black"
FUR-FU-10003664,"Tenex Frame, Erganomic"
FUR-FU-10004013,"Deflect-O Clock, Durable"
FUR-FU-10004013,"Tenex Stacking Tray, Erganomic"
FUR-FU-10004017,"Executive Impressions 13"" Chairman Wall Clock"
FUR-FU-10004017,"Tenex Contemporary Contur Chairmats for Low and Medium Pile Carpet, Computer, 39"" x 49"""
FUR-FU-10004091,"Eldon 200 Class Desk Accessories, Black"
FUR-FU-10004091,"Howard Miller 13"" Diameter Goldtone Round Wall Clock"
FUR-FU-10004270,"Eldon Image Series Desk Accessories, Burgundy"
FUR-FU-10004270,"Executive Impressions 13"" Clairmont Wall Clock"
FUR-FU-10004460,"Howard Miller 12"" Round Wall Clock"
FUR-FU-10004460,"Tenex Clock, Black"
FUR-FU-10004579,"Deflect-O Door Stop, Duo Pack"
FUR-FU-10004579,"Rubbermaid Door Stop, Durable"
FUR-FU-10004848,DAX Solid Wood Frames
FUR-FU-10004848,"Howard Miller 13-3/4"" Diameter Brushed Chrome Round Wall Clock"
FUR-FU-10004864,Eldon 500 Class Desk Accessories
FUR-FU-10004864,"Howard Miller 14-1/2"" Diameter Chrome Round Wall Clock"
FUR-FU-10004960,"Deflect-O Photo Frame, Duo Pack"
FUR-FU-10004960,"Deflect-O Photo Frame, Durable"
FUR-FU-10004960,"Seth Thomas 12"" Clock w/ Goldtone Case"
FUR-IKE-10002147,"Ikea 3-Shelf Cabinet, Traditional"
FUR-IKE-10002147,"Ikea Classic Bookcase, Metal"
FUR-TA-10000403,"Barricks Computer Table, Fully Assembled"
FUR-TA-10000403,"Barricks Wood Table, Adjustable Height"
FUR-TA-10000649,"Barricks Computer Table, with Bottom Storage"
FUR-TA-10000649,"Bevis Computer Table, Adjustable Height"
FUR-TA-10001100,"Barricks Computer Table, Fully Assembled"
FUR-TA-10001100,"Lesro Training Table, Adjustable Height"
FUR-TA-10001276,"Lesro Coffee Table, with Bottom Storage"
FUR-TA-10001276,"Lesro Training Table, Fully Assembled"
FUR-TA-10001433,"Barricks Coffee Table, Adjustable Height"
FUR-TA-10001433,"Bevis Round Table, with Bottom Storage"
FUR-TA-10001726,"Bevis Coffee Table, Fully Assembled"
FUR-TA-10001726,"Bevis Conference Table, with Bottom Storage"
FUR-TA-10001889,"Bevis Conference Table, Fully Assembled"
FUR-TA-10001889,Bush Advantage Collection Racetrack Conference Table
FUR-TA-10002041,"Bevis Round Conference Table Top, X-Base"
FUR-TA-10002041,"Lesro Computer Table, Fully Assembled"
FUR-TA-10002912,"Lesro Conference Table, Fully Assembled"
FUR-TA-10002912,"Lesro Conference Table, Rectangular"
FUR-TA-10002958,"Bevis Oval Conference Table, Walnut"
FUR-TA-10002958,"Chromcraft Conference Table, Fully Assembled"
FUR-TA-10003179,"Chromcraft Round Table, Adjustable Height"
FUR-TA-10003179,"Lesro Wood Table, Fully Assembled"
FUR-TA-10003748,Bevis 36 x 72 Conference Tables
FUR-TA-10003748,"Bevis Round Table, Adjustable Height"
FUR-TA-10003926,"Hon Wood Table, with Bottom Storage"
FUR-TA-10003926,"Lesro Conference Table, Adjustable Height"
FUR-TA-10003954,"Barricks Conference Table, with Bottom Storage"
FUR-TA-10003954,Hon 94000 Series Round Tables
FUR-TA-10004154,"Lesro Round Table, Adjustable Height"
FUR-TA-10004154,"Riverside Furniture Oval Coffee Table, Oval End Table, End Table with Drawer"
OFF-AP-10000179,"Breville Refrigerator, Red"
OFF-AP-10000179,Honeywell Enviracaire Portable HEPA Air Cleaner for up to 10 x 16 Room
OFF-AP-10000304,"Breville Stove, Red"
OFF-AP-10000304,"Hoover Microwave, White"
OFF-AP-10000576,"Belkin 325VA UPS Surge Protector, 6'"
OFF-AP-10000576,Belkin 7 Outlet SurgeMaster II
OFF-AP-10000604,"Breville Microwave, Silver"
OFF-AP-10000604,"Hamilton Beach Coffee Grinder, Black"
OFF-AP-10000653,"Cuisinart Blender, White"
OFF-AP-10000653,"Hamilton Beach Blender, Black"
OFF-AP-10000977,"Breville Blender, White"
OFF-AP-10000977,"Cuisinart Toaster, Red"
OFF-AP-10001018,"Cuisinart Refrigerator, White"
OFF-AP-10001018,"Hoover Toaster, Silver"
OFF-AP-10001058,"Cuisinart Microwave, White"
OFF-AP-10001058,Sanyo 2.5 Cubic Foot Mid-Size Office Refrigerators
OFF-AP-10001621,"Cuisinart Blender, Silver"
OFF-AP-10001621,"Hamilton Beach Refrigerator, Black"
OFF-AP-10001776,"Hamilton Beach Microwave, White"
OFF-AP-10001776,"Hoover Refrigerator, Red"
OFF-AP-10001824,"Breville Stove, Silver"
OFF-AP-10001824,"Hamilton Beach Blender, Silver"
OFF-AP-10001931,"Cuisinart Stove, Red"
OFF-AP-10001931,"Hoover Blender, Black"
OFF-AP-10002128,"Breville Toaster, White"
OFF-AP-10002128,"Hoover Blender, Black"
OFF-AP-10002439,"Cuisinart Blender, Silver"
OFF-AP-10002439,Tripp Lite Isotel 8 Ultra 8 Outlet Metal Surge
OFF-AP-10002531,"Cuisinart Blender, Red"
OFF-AP-10002531,"Hoover Blender, White"
OFF-AP-10002998,Holmes 99% HEPA Air Purifier
OFF-AP-10002998,"KitchenAid Microwave, Red"
OFF-AP-10003032,"Hamilton Beach Blender, Silver"
OFF-AP-10003032,"Hoover Stove, Red"
OFF-AP-10003287,"KitchenAid Stove, Silver"
OFF-AP-10003287,Tripp Lite TLP810NET Broadband Surge for Modem/Fax
OFF-AP-10003497,"Breville Coffee Grinder, Black"
OFF-AP-10003497,"KitchenAid Microwave, Red"
OFF-AP-10003577,"Cuisinart Blender, Black"
OFF-AP-10003577,"Hoover Stove, Silver"
OFF-AP-10003590,Hoover WindTunnel Plus Canister Vacuum
OFF-AP-10003590,"KitchenAid Refrigerator, Black"
OFF-AP-10003622,"Bravo II Megaboss 12-Amp Hard Body Upright, Replacement Belts, 2 Belts per Pack"
OFF-AP-10003622,"Hamilton Beach Microwave, Silver"
OFF-AP-10003758,"Hamilton Beach Blender, White"
OFF-AP-10003758,"KitchenAid Blender, Silver"
OFF-AP-10003800,"Cuisinart Coffee Grinder, White"
OFF-AP-10003800,"Hoover Microwave, Silver"
OFF-AP-10003860,Fellowes Advanced 8 Outlet Surge Suppressor with Phone/Fax Protection
OFF-AP-10003860,"KitchenAid Blender, Black"
OFF-AP-10003945,"Breville Toaster, Silver"
OFF-AP-10003945,"Hamilton Beach Stove, Red"
OFF-AP-10003971,Belkin 6 Outlet Metallic Surge Strip
OFF-AP-10003971,"Hoover Toaster, Red"
OFF-AP-10004226,"Cuisinart Coffee Grinder, Black"
OFF-AP-10004226,"Hamilton Beach Stove, Red"
OFF-AP-10004785,"Cuisinart Microwave, Silver"
OFF-AP-10004785,"Holmes Replacement Filter for HEPA Air Cleaner, Medium Room"
OFF-AR-10000027,"Binney & Smith Pencil Sharpener, Easy-Erase"
OFF-AR-10000027,"Boston Pencil Sharpener, Easy-Erase"
OFF-AR-10000091,"BIC Highlighters, Water Color"
OFF-AR-10000091,"BIC Markers, Fluorescent"
OFF-AR-10000179,"Binney & Smith Canvas, Easy-Erase"
OFF-AR-10000179,"Sanford Canvas, Fluorescent"
OFF-AR-10000347,"Sanford Highlighters, Easy-Erase"
OFF-AR-10000347,"Sanford Pens, Blue"
OFF-AR-10000390,Newell Chalk Holder
OFF-AR-10000390,"Stanley Pencil Sharpener, Water Color"
OFF-AR-10000399,"Binney & Smith Highlighters, Fluorescent"
OFF-AR-10000399,"Stanley Canvas, Water Color"
OFF-AR-10000422,Pencil and Crayon Sharpener
OFF-AR-10000422,"Stanley Markers, Blue"
OFF-AR-10000475,"Hunt BOSTON Vista Battery-Operated Pencil Sharpener, Black"
OFF-AR-10000475,"Sanford Canvas, Blue"
OFF-AR-10000614,Barrel Sharpener
OFF-AR-10000614,"Sanford Markers, Blue"
OFF-AR-10000751,"Binney & Smith Highlighters, Blue"
OFF-AR-10000751,"Boston Highlighters, Fluorescent"
OFF-AR-10000799,Col-Erase Pencils with Erasers
OFF-AR-10000799,"Sanford Highlighters, Easy-Erase"
OFF-AR-10000823,Newell 307
OFF-AR-10000823,"Stanley Pens, Water Color"
OFF-AR-10000833,"Binney & Smith Pencil Sharpener, Water Color"
OFF-AR-10000833,"Sanford Canvas, Easy-Erase"
OFF-AR-10000833,"Sanford Sketch Pad, Water Color"
OFF-AR-10001149,"Avery Hi-Liter Comfort Grip Fluorescent Highlighter, Yellow Ink"
OFF-AR-10001149,"Sanford Colorific Colored Pencils, 12/Box"
OFF-AR-10001216,"BIC Pencil Sharpener, Easy-Erase"
OFF-AR-10001216,Newell 339
OFF-AR-10001228,"Binney & Smith Pens, Easy-Erase"
OFF-AR-10001228,"Stanley Markers, Water Color"
OFF-AR-10001529,"Binney & Smith Pencil Sharpener, Easy-Erase"
OFF-AR-10001529,"Sanford Pens, Fluorescent"
OFF-AR-10001770,"Binney & Smith Markers, Water Color"
OFF-AR-10001770,Economy #2 Pencils
OFF-AR-10001850,"BIC Highlighters, Fluorescent"
OFF-AR-10001850,"Boston Sketch Pad, Water Color"
OFF-AR-10002255,"Boston Sketch Pad, Water Color"
OFF-AR-10002255,Newell 346
OFF-AR-10002335,DIXON Oriole Pencils
OFF-AR-10002335,"Sanford Canvas, Fluorescent"
OFF-AR-10002677,"BIC Pencil Sharpener, Easy-Erase"
OFF-AR-10002677,"BIC Pens, Water Color"
OFF-AR-10002681,"Boston Sketch Pad, Fluorescent"
OFF-AR-10002681,"Stanley Canvas, Fluorescent"
OFF-AR-10003031,"Binney & Smith Pens, Fluorescent"
OFF-AR-10003031,"Stanley Highlighters, Easy-Erase"
OFF-AR-10003179,"BIC Pencil Sharpener, Blue"
OFF-AR-10003179,Dixon Ticonderoga Core-Lock Colored Pencils
OFF-AR-10003217,Newell 316
OFF-AR-10003217,"Sanford Highlighters, Fluorescent"
OFF-AR-10003582,"BIC Pencil Sharpener, Water Color"
OFF-AR-10003582,"Boston Electric Pencil Sharpener, Model 1818, Charcoal Black"
OFF-AR-10003651,Newell 350
OFF-AR-10003651,"Sanford Pencil Sharpener, Easy-Erase"
OFF-AR-10003651,"Sanford Pens, Easy-Erase"
OFF-AR-10003829,"Boston Highlighters, Water Color"
OFF-AR-10003829,Newell 35
OFF-AR-10003829,"Stanley Markers, Fluorescent"
OFF-AR-10004010,Hunt Boston Vacuum Mount KS Pencil Sharpener
OFF-AR-10004010,"Sanford Pencil Sharpener, Water Color"
OFF-AR-10004218,"BIC Pens, Fluorescent"
OFF-AR-10004218,"Sanford Pencil Sharpener, Water Color"
OFF-AR-10004456,"Binney & Smith Markers, Blue"
OFF-AR-10004456,Panasonic KP-4ABK Battery-Operated Pencil Sharpener
OFF-AVE-10002102,"Avery 3-Hole Punch, Economy"
OFF-AVE-10002102,"Avery File Folder Labels, Adjustable"
OFF-BI-10000042,"Cardinal Index Tab, Clear"
OFF-BI-10000042,"Pressboard Data Binder, Crimson, 12"" X 8 1/2"""
OFF-BI-10000136,Avery Non-Stick Heavy Duty View Round Locking Ring Binders
OFF-BI-10000136,"Ibico Index Tab, Durable"
OFF-BI-10000305,"Cardinal 3-Hole Punch, Durable"
OFF-BI-10000305,"Wilson Jones Index Tab, Durable"
OFF-BI-10000404,"Avery Binder Covers, Clear"
OFF-BI-10000404,Avery Printable Repositionable Plastic Tabs
OFF-BI-10000542,"Ibico Binder Covers, Recycled"
OFF-BI-10000542,"Wilson Jones 3-Hole Punch, Durable"
OFF-BI-10001097,Avery Hole Reinforcements
OFF-BI-10001097,"Ibico 3-Hole Punch, Durable"
OFF-BI-10001191,Canvas Sectional Post Binders
OFF-BI-10001191,"Wilson Jones Hole Reinforcements, Recycled"
OFF-BI-10001249,"Acco Hole Reinforcements, Recycled"
OFF-BI-10001249,Avery Heavy-Duty EZD View Binder with Locking Rings
OFF-BI-10001324,"Acco 3-Hole Punch, Economy"
OFF-BI-10001324,"Ibico Hole Reinforcements, Clear"
OFF-BI-10001507,"Ibico Binder, Durable"
OFF-BI-10001507,"Wilson Jones Binder Covers, Economy"
OFF-BI-10001662,"Avery Binder, Recycled"
OFF-BI-10001662,"Wilson Jones Binder Covers, Durable"
OFF-BI-10001808,"Cardinal Binding Machine, Clear"
OFF-BI-10001808,"Ibico Index Tab, Clear"
OFF-BI-10001900,"DXL Angle-View Binders with Locking Rings, Black"
OFF-BI-10001900,"Wilson Jones Binder Covers, Clear"
OFF-BI-10002026,Avery Arch Ring Binders
OFF-BI-10002026,Ibico Recycled Linen-Style Covers
OFF-BI-10002225,"Cardinal Binding Machine, Durable"
OFF-BI-10002225,"Square Ring Data Binders, Rigid 75 Pt. Covers, 11"" x 14-7/8"""
OFF-BI-10002412,"Avery Hole Reinforcements, Economy"
OFF-BI-10002412,Wilson Jones “Snap” Scratch Pad Binder Tool for Ring Binders
OFF-BI-10002414,GBC ProClick Spines for 32-Hole Punch
OFF-BI-10002414,"Ibico Index Tab, Economy"
OFF-BI-10002432,"Ibico Binder, Recycled"
OFF-BI-10002432,Wilson Jones Standard D-Ring Binders
OFF-BI-10002570,"Acco Binder Covers, Clear"
OFF-BI-10002570,"Cardinal 3-Hole Punch, Clear"
OFF-BI-10002594,"Cardinal Binder Covers, Recycled"
OFF-BI-10002594,"Wilson Jones Binding Machine, Durable"
OFF-BI-10002799,"Acco Binder Covers, Recycled"
OFF-BI-10002799,"Cardinal Binder Covers, Clear"
OFF-BI-10002799,"SlimView Poly Binder, 3/8"""
OFF-BI-10003166,"Cardinal Hole Reinforcements, Durable"
OFF-BI-10003166,GBC Plasticlear Binding Covers
OFF-BI-10003364,Binding Machine Supplies
OFF-BI-10003364,"Cardinal 3-Hole Punch, Clear"
OFF-BI-10003397,"Acco Hole Reinforcements, Clear"
OFF-BI-10003397,"Avery 3-Hole Punch, Economy"
OFF-BI-10003650,GBC DocuBind 300 Electric Binding Machine
OFF-BI-10003650,"Ibico Index Tab, Clear"
OFF-BI-10003708,"Acco Four Pocket Poly Ring Binder with Label Holder, Smoke, 1"""
OFF-BI-10003708,"Avery Binder, Economy"
OFF-BI-10003708,"Cardinal Binder, Recycled"
OFF-BI-10003718,"Avery Index Tab, Clear"
OFF-BI-10003718,GBC Therma-A-Bind 250T Electric Binding System
OFF-BI-10003784,Computer Printout Index Tabs
OFF-BI-10003784,"Ibico Index Tab, Economy"
OFF-BI-10003917,"Avery Hole Reinforcements, Economy"
OFF-BI-10003917,"Wilson Jones 3-Hole Punch, Recycled"
OFF-BI-10004140,Avery Non-Stick Binders
OFF-BI-10004140,"Cardinal Index Tab, Clear"
OFF-BI-10004195,"Ibico Binder Covers, Durable"
OFF-BI-10004195,"Wilson Jones Binding Machine, Clear"
OFF-BI-10004224,"Avery Index Tab, Durable"
OFF-BI-10004224,Catalog Binders with Expanding Posts
OFF-BI-10004233,"Avery Index Tab, Economy"
OFF-BI-10004233,"GBC Pre-Punched Binding Paper, Plastic, White, 8-1/2"" x 11"""
OFF-BI-10004632,"Avery 3-Hole Punch, Recycled"
OFF-BI-10004632,GBC Binding covers
OFF-BI-10004632,Ibico Hi-Tech Manual Binding System
OFF-BI-10004654,Avery Binding System Hidden Tab Executive Style Index Sets
OFF-BI-10004654,"Ibico 3-Hole Punch, Economy"
OFF-BI-10004654,VariCap6 Expandable Binder
OFF-EAT-10002122,"Eaton Cards & Envelopes, 8.5 x 11"
OFF-EAT-10002122,"Eaton Cards & Envelopes, Premium"
OFF-EN-10000056,"Ames Manila Envelope, Security-Tint"
OFF-EN-10000056,Cameo Buff Policy Envelopes
OFF-EN-10000061,"Cameo Business Envelopes, Set of 50"
OFF-EN-10000061,"Jiffy Clasp Envelope, Security-Tint"
OFF-EN-10000139,"Ames Manila Envelope, Recycled"
OFF-EN-10000139,"Kraft Interoffice Envelope, Set of 50"
OFF-EN-10000315,"Jiffy Business Envelopes, Security-Tint"
OFF-EN-10000315,"Kraft Manila Envelope, Recycled"
OFF-EN-10000383,"Ames Clasp Envelope, Recycled"
OFF-EN-10000383,"Kraft Business Envelopes, Recycled"
OFF-EN-10000788,"Cameo Peel and Seal, Set of 50"
OFF-EN-10000788,"Jiffy Manila Envelope, Security-Tint"
OFF-EN-10000857,"Ames Mailers, Security-Tint"
OFF-EN-10000857,"Jiffy Interoffice Envelope, Set of 50"
OFF-EN-10000927,"Ames Business Envelopes, Set of 50"
OFF-EN-10000927,Jet-Pak Recycled Peel 'N' Seal Padded Mailers
OFF-EN-10001109,"Ames Interoffice Envelope, Recycled"
OFF-EN-10001109,"Jiffy Manila Envelope, Set of 50"
OFF-EN-10001832,"Ames Mailers, with clear poly window"
OFF-EN-10001832,"Kraft Clasp Envelope, Set of 50"
OFF-EN-10002013,"Cameo Business Envelopes, Security-Tint"
OFF-EN-10002013,"Kraft Business Envelopes, Security-Tint"
OFF-EN-10002491,"Cameo Peel and Seal, Set of 50"
OFF-EN-10002491,"GlobeWeis Mailers, Recycled"
OFF-EN-10002592,"Cameo Interoffice Envelope, Recycled"
OFF-EN-10002592,"Peel & Seel Recycled Catalog Envelopes, Brown"
OFF-EN-10002700,"Ames Business Envelopes, Recycled"
OFF-EN-10002700,"Kraft Interoffice Envelope, with clear poly window"
OFF-EN-10003413,"Jiffy Interoffice Envelope, with clear poly window"
OFF-EN-10003413,"Kraft Manila Envelope, Security-Tint"
OFF-EN-10003448,"Cameo Clasp Envelope, Set of 50"
OFF-EN-10003448,"Peel & Seel Recycled Catalog Envelopes, Brown"
OFF-EN-10003520,"Cameo Clasp Envelope, Set of 50"
OFF-EN-10003520,"Kraft Mailers, Recycled"
OFF-EN-10003529,"Ames Peel and Seal, Recycled"
OFF-EN-10003529,"GlobeWeis Manila Envelope, Recycled"
OFF-EN-10003737,"Cameo Interoffice Envelope, Set of 50"
OFF-EN-10003737,"Jiffy Mailers, Security-Tint"
OFF-EN-10003737,"Kraft Business Envelopes, Set of 50"
OFF-EN-10003838,"Cameo Business Envelopes, Security-Tint"
OFF-EN-10003838,"Cameo Peel and Seal, with clear poly window"
OFF-EN-10004030,Convenience Packs of Business Envelopes
OFF-EN-10004030,"Kraft Mailers, Security-Tint"
OFF-EN-10004173,"Ames Peel and Seal, Recycled"
OFF-EN-10004173,"Jiffy Manila Envelope, Set of 50"
OFF-EN-10004186,"Cameo Mailers, Set of 50"
OFF-EN-10004186,"Kraft Interoffice Envelope, with clear poly window"
OFF-EN-10004560,"Ames Mailers, Security-Tint"
OFF-EN-10004560,"Cameo Business Envelopes, Security-Tint"
OFF-EN-10004649,"Ames Mailers, Recycled"
OFF-EN-10004649,"Cameo Mailers, with clear poly window"
OFF-EN-10004788,"Ames Mailers, Recycled"
OFF-EN-10004788,"Cameo Manila Envelope, Recycled"
OFF-EN-10004956,"Jiffy Interoffice Envelope, Set of 50"
OFF-EN-10004956,"Kraft Manila Envelope, with clear poly window"
OFF-FA-10000038,"Advantus Clamps, Metal"
OFF-FA-10000038,"Stockwell Clamps, Assorted Sizes"
OFF-FA-10000089,Acco Glide Clips
OFF-FA-10000089,"OIC Rubber Bands, Assorted Sizes"
OFF-FA-10000134,"Advantus Push Pins, Aluminum Head"
OFF-FA-10000134,"Stockwell Push Pins, Assorted Sizes"
OFF-FA-10000197,"Stockwell Push Pins, Metal"
OFF-FA-10000197,"Stockwell Rubber Bands, Assorted Sizes"
OFF-FA-10000353,"Accos Staples, Metal"
OFF-FA-10000353,"Stockwell Clamps, Assorted Sizes"
OFF-FA-10001026,"Stockwell Paper Clips, Assorted Sizes"
OFF-FA-10001026,"Stockwell Staples, Metal"
OFF-FA-10001621,"Accos Rubber Bands, 12 Pack"
OFF-FA-10001621,"OIC Rubber Bands, Bulk Pack"
OFF-FA-10002247,"OIC Paper Clips, Bulk Pack"
OFF-FA-10002247,"Stockwell Rubber Bands, Metal"
OFF-FA-10002815,Staples
OFF-FA-10002815,"Stockwell Thumb Tacks, 12 Pack"
OFF-FA-10002895,"Accos Staples, 12 Pack"
OFF-FA-10002895,"Advantus Rubber Bands, Bulk Pack"
OFF-FA-10003931,"Stockwell Clamps, Bulk Pack"
OFF-FA-10003931,"Stockwell Push Pins, 12 Pack"
OFF-FA-10004813,"Advantus Clamps, Metal"
OFF-FA-10004813,"Stockwell Rubber Bands, Bulk Pack"
OFF-FIS-10000063,"Fiskars Box Cutter, Easy Grip"
OFF-FIS-10000063,"Fiskars Shears, High Speed"
OFF-LA-10000134,Avery 511
OFF-LA-10000134,"Harbour Creations Removable Labels, 5000 Label Set"
OFF-LA-10000425,"Avery Shipping Labels, Alphabetical"
OFF-LA-10000425,"Smead Legal Exhibit Labels, Alphabetical"
OFF-LA-10000707,"Avery Legal Exhibit Labels, Adjustable"
OFF-LA-10000707,"Avery Removable Labels, Adjustable"
OFF-LA-10000760,"Harbour Creations Removable Labels, Laser Printer Compatible"
OFF-LA-10000760,"Smead Shipping Labels, Laser Printer Compatible"
OFF-LA-10001019,"Avery Color Coded Labels, Laser Printer Compatible"
OFF-LA-10001019,"Hon Legal Exhibit Labels, Laser Printer Compatible"
OFF-LA-10002107,"Harbour Creations Removable Labels, Laser Printer Compatible"
OFF-LA-10002107,"Novimex Legal Exhibit Labels, 5000 Label Set"
OFF-LA-10002334,"Novimex Removable Labels, Adjustable"
OFF-LA-10002334,"Smead Shipping Labels, Alphabetical"
OFF-LA-10002486,"Harbour Creations Legal Exhibit Labels, Adjustable"
OFF-LA-10002486,"Novimex File Folder Labels, 5000 Label Set"
OFF-LA-10002674,"Harbour Creations Color Coded Labels, 5000 Label Set"
OFF-LA-10002674,"Novimex Legal Exhibit Labels, Adjustable"
OFF-LA-10002974,"Avery File Folder Labels, Laser Printer Compatible"
OFF-LA-10002974,"Novimex Shipping Labels, Adjustable"
OFF-LA-10003132,"Hon File Folder Labels, Adjustable"
OFF-LA-10003132,"Smead Round Labels, Laser Printer Compatible"
OFF-LA-10003210,"Harbour Creations File Folder Labels, Laser Printer Compatible"
OFF-LA-10003210,"Novimex Color Coded Labels, 5000 Label Set"
OFF-LA-10003283,"Harbour Creations Removable Labels, Adjustable"
OFF-LA-10003283,"Hon File Folder Labels, 5000 Label Set"
OFF-LA-10003338,"Harbour Creations Removable Labels, 5000 Label Set"
OFF-LA-10003338,"Novimex Legal Exhibit Labels, Alphabetical"
OFF-LA-10003381,"Harbour Creations Color Coded Labels, Alphabetical"
OFF-LA-10003381,"Novimex Removable Labels, Laser Printer Compatible"
OFF-LA-10004749,"Avery Legal Exhibit Labels, Laser Printer Compatible"
OFF-LA-10004749,"Novimex Removable Labels, Adjustable"
OFF-LA-10004799,"Hon Legal Exhibit Labels, Alphabetical"
OFF-LA-10004799,"Hon Shipping Labels, Adjustable"
OFF-LA-10004877,"Avery File Folder Labels, Laser Printer Compatible"
OFF-LA-10004877,"Hon Legal Exhibit Labels, 5000 Label Set"
OFF-PA-10000048,Xerox 20
OFF-PA-10000048,"Xerox Memo Slips, Multicolor"
OFF-PA-10000300,"Green Bar Cards & Envelopes, Premium"
OFF-PA-10000300,Xerox 1936
OFF-PA-10000318,"Enermax Message Books, Multicolor"
OFF-PA-10000318,"Green Bar Parchment Paper, 8.5 x 11"
OFF-PA-10000357,"Eaton Memo Slips, Recycled"
OFF-PA-10000357,"White Dual Perf Computer Printout Paper, 2700 Sheets, 1 Part, Heavyweight, 20 lbs., 14 7/8 x 11"
OFF-PA-10000357,Xerox 1888
OFF-PA-10000477,Xerox 1952
OFF-PA-10000477,Xerox 22
OFF-PA-10000522,"Green Bar Message Books, Multicolor"
OFF-PA-10000522,"Xerox Computer Printout Paper, Recycled"
OFF-PA-10000562,"Enermax Cards & Envelopes, 8.5 x 11"
OFF-PA-10000562,"Enermax Message Books, Multicolor"
OFF-PA-10000659,"Adams Phone Message Book, Professional, 400 Message Capacity, 5 3/6” x 11”"
OFF-PA-10000659,"TOPS Carbonless Receipt Book, Four 2-3/4 x 7-1/4 Money Receipts per Page"
OFF-PA-10000994,"Enermax Message Books, 8.5 x 11"
OFF-PA-10000994,Xerox 1915
OFF-PA-10001166,Xerox 1932
OFF-PA-10001166,Xerox 2
OFF-PA-10001497,Xerox 1914
OFF-PA-10001497,"Xerox Note Cards, 8.5 x 11"
OFF-PA-10001639,"Enermax Memo Slips, 8.5 x 11"
OFF-PA-10001639,Xerox 203
OFF-PA-10001661,"SanDisk Computer Printout Paper, 8.5 x 11"
OFF-PA-10001661,Xerox 1922
OFF-PA-10001685,"Eaton Parchment Paper, Recycled"
OFF-PA-10001685,Staples
OFF-PA-10001736,"SanDisk Note Cards, 8.5 x 11"
OFF-PA-10001736,Xerox 1880
OFF-PA-10001801,Xerox 193
OFF-PA-10001801,"Xerox Memo Slips, Premium"
OFF-PA-10001878,"Enermax Cards & Envelopes, Premium"
OFF-PA-10001878,Xerox 1891
OFF-PA-10001970,Xerox 1881
OFF-PA-10001970,Xerox 1908
OFF-PA-10001971,"Eaton Cards & Envelopes, Premium"
OFF-PA-10001971,"Eaton Memo Slips, Premium"
OFF-PA-10001972,"Eaton Message Books, Premium"
OFF-PA-10001972,Xerox 214
OFF-PA-10002109,"SanDisk Message Books, Premium"
OFF-PA-10002109,Wirebound Voice Message Log Book
OFF-PA-10002195,"RSVP Cards & Envelopes, Blank White, 8-1/2"" X 11"", 24 Cards/25 Envelopes/Set"
OFF-PA-10002195,Xerox 1966
OFF-PA-10002377,"Adams Telephone Message Book W/Dividers/Space For Phone Numbers, 5 1/4""X8 1/2"", 200/Messages"
OFF-PA-10002377,Xerox 1916
OFF-PA-10002464,"Green Bar Computer Printout Paper, Multicolor"
OFF-PA-10002464,HP Office Recycled Paper (20Lb. and 87 Bright)
OFF-PA-10002479,"Enermax Cards & Envelopes, 8.5 x 11"
OFF-PA-10002479,Xerox 4200 Series MultiUse Premium Copy Paper (20Lb. and 84 Bright)
OFF-PA-10002771,"SanDisk Parchment Paper, Premium"
OFF-PA-10002771,"Xerox Computer Printout Paper, Premium"
OFF-PA-10003022,Standard Line “While You Were Out” Hardbound Telephone Message Book
OFF-PA-10003022,Xerox 1992
OFF-PA-10003039,Xerox 1960
OFF-PA-10003039,"Xerox Note Cards, 8.5 x 11"
OFF-PA-10003232,"Eaton Parchment Paper, 8.5 x 11"
OFF-PA-10003232,"Green Bar Cards & Envelopes, Recycled"
OFF-PA-10003395,"Eaton Computer Printout Paper, Recycled"
OFF-PA-10003395,Xerox 1941
OFF-PA-10003416,"Enermax Note Cards, Multicolor"
OFF-PA-10003416,"Green Bar Parchment Paper, Recycled"
OFF-PA-10003424,"""While you Were Out"" Message Book, One Form per Page"
OFF-PA-10003424,"Enermax Computer Printout Paper, 8.5 x 11"
OFF-PA-10003455,"Green Bar Memo Slips, Recycled"
OFF-PA-10003455,"Xerox Cards & Envelopes, Premium"
OFF-PA-10003899,"SanDisk Memo Slips, Multicolor"
OFF-PA-10003899,"SanDisk Memo Slips, Premium"
OFF-PA-10004124,"SanDisk Message Books, 8.5 x 11"
OFF-PA-10004124,"Xerox Message Books, Multicolor"
OFF-PA-10004359,Multicolor Computer Printout Paper
OFF-PA-10004359,"Xerox Computer Printout Paper, Premium"
OFF-PA-10004470,"Adams Write n' Stick Phone Message Book, 11"" X 5 1/4"", 200 Messages"
OFF-PA-10004470,"Green Bar Cards & Envelopes, Recycled"
OFF-PA-10004475,Xerox 1940
OFF-PA-10004475,"Xerox Computer Printout Paper, 8.5 x 11"
OFF-PA-10004673,"Eaton Note Cards, Multicolor"
OFF-PA-10004673,"Enermax Message Books, 8.5 x 11"
OFF-PA-10004673,"Green Bar Memo Slips, Recycled"
OFF-PA-10004673,"Xerox Message Books, Multicolor"
OFF-PA-10004990,"SanDisk Computer Printout Paper, Recycled"
OFF-PA-10004990,"Xerox Note Cards, Recycled"
OFF-ST-10000078,"Eldon Trays, Single Width"
OFF-ST-10000078,Tennsco 6- and 18-Compartment Lockers
OFF-ST-10000107,"Eldon File Cart, Industrial"
OFF-ST-10000107,Fellowes Super Stor/Drawer
OFF-ST-10000344,"Fellowes Box, Industrial"
OFF-ST-10000344,"Neat Ideas Personal Hanging Folder Files, Black"
OFF-ST-10001172,"Fellowes Trays, Wire Frame"
OFF-ST-10001172,"Tennsco Lockers, Sand"
OFF-ST-10001173,"Eldon Folders, Industrial"
OFF-ST-10001173,"Eldon Trays, Industrial"
OFF-ST-10001228,"Fellowes Personal Hanging Folder Files, Navy"
OFF-ST-10001228,Personal File Boxes with Fold-Down Carry Handle
OFF-ST-10001290,"Rogers Box, Industrial"
OFF-ST-10001290,"Rogers Shelving, Single Width"
OFF-ST-10001335,"Rogers File Cart, Single Width"
OFF-ST-10001335,"Tenex Trays, Blue"
OFF-ST-10001414,Decoflex Hanging Personal Folder File
OFF-ST-10001414,"Rogers Lockers, Wire Frame"
OFF-ST-10001554,"Eldon Folders, Industrial"
OFF-ST-10001554,"Tenex File Cart, Industrial"
OFF-ST-10001590,"Eldon Folders, Blue"
OFF-ST-10001590,"Tenex Personal Project File with Scoop Front Design, Black"
OFF-ST-10002292,"Fellowes Lockers, Single Width"
OFF-ST-10002292,"Sauder Facets Collection Locker/File Cabinet, Sky Alder Finish"
OFF-ST-10002499,"Eldon File Cart, Single Width"
OFF-ST-10002499,"Fellowes Shelving, Single Width"
OFF-ST-10002538,"Fellowes Shelving, Blue"
OFF-ST-10002538,"Rogers File Cart, Single Width"
OFF-ST-10002574,"SAFCO Commercial Wire Shelving, Black"
OFF-ST-10002574,"Smead Shelving, Blue"
OFF-ST-10002714,"Eldon Box, Industrial"
OFF-ST-10002714,"Tenex Shelving, Blue"
OFF-ST-10002902,"Fellowes Lockers, Wire Frame"
OFF-ST-10002902,"Fellowes Shelving, Blue"
OFF-ST-10003282,"Advantus 10-Drawer Portable Organizer, Chrome Metal Frame, Smoke Drawers"
OFF-ST-10003282,"Fellowes Folders, Single Width"
OFF-ST-10003306,"Eldon File Cart, Single Width"
OFF-ST-10003306,Letter Size Cart
OFF-ST-10003331,"Rogers File Cart, Single Width"
OFF-ST-10003331,"Smead Box, Single Width"
OFF-ST-10003414,"Smead Box, Wire Frame"
OFF-ST-10003414,"Tenex Shelving, Industrial"
OFF-ST-10003455,"Fellowes Lockers, Blue"
OFF-ST-10003455,"Tenex File Box, Personal Filing Tote with Lid, Black"
OFF-ST-10003470,"Rogers Folders, Industrial"
OFF-ST-10003470,"Tennsco Snap-Together Open Shelving Units, Starter Sets and Add-On Units"
OFF-ST-10003641,"Fellowes Trays, Wire Frame"
OFF-ST-10003641,Space Solutions Industrial Galvanized Steel Shelving.
OFF-ST-10003931,"Smead Lockers, Blue"
OFF-ST-10003931,"Smead Trays, Wire Frame"
OFF-ST-10004017,"Eldon Lockers, Single Width"
OFF-ST-10004017,"Smead Trays, Industrial"
OFF-ST-10004060,"Eldon Lockers, Single Width"
OFF-ST-10004060,"Fellowes Lockers, Blue"
OFF-ST-10004180,Safco Commercial Shelving
OFF-ST-10004180,"Tenex File Cart, Single Width"
OFF-ST-10004296,"Rogers Box, Single Width"
OFF-ST-10004296,"Smead Folders, Industrial"
OFF-ST-10004382,"Smead Folders, Blue"
OFF-ST-10004382,"Tenex Folders, Industrial"
OFF-ST-10004577,"Fellowes Lockers, Industrial"
OFF-ST-10004577,"Tenex Shelving, Wire Frame"
OFF-ST-10004597,"Eldon File Cart, Industrial"
OFF-ST-10004597,"Rogers File Cart, Blue"
OFF-ST-10004835,"Fellowes File Cart, Wire Frame"
OFF-ST-10004835,Plastic Stacking Crates & Casters
OFF-ST-10004947,"Fellowes File Cart, Industrial"
OFF-ST-10004947,"Tenex Trays, Industrial"
OFF-ST-10004950,Acco Perma 3000 Stacking Storage Drawers
OFF-ST-10004950,"Tenex Personal Filing Tote With Secure Closure Lid, Black/Frost"
OFF-SU-10000171,"Elite Trimmer, Easy Grip"
OFF-SU-10000171,"Stiletto Shears, Easy Grip"
OFF-SU-10000925,"Acme Shears, Easy Grip"
OFF-SU-10000925,"Fiskars Box Cutter, High Speed"
OFF-SU-10000932,"Elite Shears, Steel"
OFF-SU-10000932,"Fiskars Ruler, High Speed"
OFF-SU-10001066,"Acme Letter Opener, Steel"
OFF-SU-10001066,"Kleencut Box Cutter, Easy Grip"
OFF-SU-10001087,"Elite Shears, Easy Grip"
OFF-SU-10001087,"Kleencut Box Cutter, Serrated"
OFF-SU-10001382,"Acme Trimmer, Serrated"
OFF-SU-10001382,"Elite Trimmer, Steel"
OFF-SU-10001535,"Elite Box Cutter, High Speed"
OFF-SU-10001535,"Stiletto Trimmer, Easy Grip"
OFF-SU-10001731,"Acme Letter Opener, Serrated"
OFF-SU-10001731,"Elite Letter Opener, High Speed"
OFF-SU-10001891,"Acme Ruler, Easy Grip"
OFF-SU-10001891,"Stiletto Box Cutter, Easy Grip"
OFF-SU-10001968,"Acme Scissors, Steel"
OFF-SU-10001968,"Kleencut Letter Opener, Easy Grip"
OFF-SU-10002032,"Fiskars Ruler, Steel"
OFF-SU-10002032,"Stiletto Scissors, Easy Grip"
OFF-SU-10002189,Acme Rosewood Handle Letter Opener
OFF-SU-10002189,"Fiskars Shears, Easy Grip"
OFF-SU-10002214,"Kleencut Letter Opener, Easy Grip"
OFF-SU-10002214,"Stiletto Box Cutter, Serrated"
OFF-SU-10003343,"Fiskars Scissors, Serrated"
OFF-SU-10003343,"Kleencut Shears, Steel"
OFF-SU-10003371,"Elite Shears, Serrated"
OFF-SU-10003371,"Kleencut Trimmer, High Speed"
OFF-SU-10003537,"Kleencut Scissors, Steel"
OFF-SU-10003537,"Stiletto Letter Opener, Easy Grip"
OFF-SU-10003629,"Fiskars Letter Opener, Easy Grip"
OFF-SU-10003629,"Fiskars Letter Opener, High Speed"
OFF-SU-10003629,"Fiskars Ruler, Steel"
OFF-SU-10003632,"Acme Letter Opener, Easy Grip"
OFF-SU-10003632,"Stiletto Ruler, High Speed"
OFF-SU-10003665,"Kleencut Trimmer, Serrated"
OFF-SU-10003665,"Stiletto Letter Opener, Steel"
OFF-SU-10003739,"Elite Box Cutter, Steel"
OFF-SU-10003739,"Elite Scissors, Easy Grip"
OFF-SU-10004244,"Elite Letter Opener, Easy Grip"
OFF-SU-10004244,"Fiskars Ruler, High Speed"
OFF-SU-10004446,"Acme Ruler, Steel"
OFF-SU-10004446,"Acme Scissors, Steel"
OFF-SU-10004662,"Elite Scissors, Serrated"
OFF-SU-10004662,"Fiskars Trimmer, Easy Grip"
TEC-AC-10000097,"Belkin Mouse, Programmable"
TEC-AC-10000097,"Memorex Keyboard, Bluetooth"
TEC-AC-10000254,"Belkin Keyboard, Programmable"
TEC-AC-10000254,"Enermax Flash Drive, Bluetooth"
TEC-AC-10000397,"Enermax Mouse, USB"
TEC-AC-10000397,"Perixx PERIBOARD-512B, Ergonomic Split Keyboard"
TEC-AC-10000420,"Belkin Router, USB"
TEC-AC-10000420,Logitech G500s Laser Gaming Mouse with Adjustable Weight Tuning
TEC-AC-10000474,Kensington Expert Mouse Optical USB Trackball for PC or Mac
TEC-AC-10000474,"Logitech Flash Drive, USB"
TEC-AC-10000540,"Logitech Mouse, Erganomic"
TEC-AC-10000540,"Memorex Numeric Keypad, USB"
TEC-AC-10000865,"Enermax Keyboard, Bluetooth"
TEC-AC-10000865,WD My Passport Ultra 500GB Portable External Hard Drive
TEC-AC-10001013,Logitech ClearChat Comfort/USB Headset H390
TEC-AC-10001013,"SanDisk Mouse, USB"
TEC-AC-10001090,"Enermax Mouse, Programmable"
TEC-AC-10001090,Micro Innovations Wireless Classic Keyboard with Mouse
TEC-AC-10001990,"Enermax Router, USB"
TEC-AC-10001990,Kensington Orbit Wireless Mobile Trackball for PC and Mac
TEC-AC-10002049,Logitech G19 Programmable Gaming Keyboard
TEC-AC-10002049,Plantronics Savi W720 Multi-Device Wireless Headset System
TEC-AC-10002170,"Enermax Numeric Keypad, USB"
TEC-AC-10002170,"Logitech Flash Drive, Programmable"
TEC-AC-10002257,"Enermax Router, Bluetooth"
TEC-AC-10002257,"Logitech Numeric Keypad, Bluetooth"
TEC-AC-10002335,"Belkin Memory Card, USB"
TEC-AC-10002335,Logitech Media Keyboard K200
TEC-AC-10002370,Maxell CD-R Discs
TEC-AC-10002370,"SanDisk Flash Drive, Bluetooth"
TEC-AC-10002550,Maxell 4.7GB DVD-RW 3/Pack
TEC-AC-10002550,"Memorex 25GB 6X Branded Blu-Ray Recordable Disc, 30/Pack"
TEC-AC-10002842,"Belkin Memory Card, Bluetooth"
TEC-AC-10002842,"Memorex Mouse, Bluetooth"
TEC-AC-10002842,WD My Passport Ultra 2TB Portable External Hard Drive
TEC-AC-10002883,"Belkin Flash Drive, USB"
TEC-AC-10002883,"Logitech Keyboard, Erganomic"
TEC-AC-10003063,"Belkin Router, Bluetooth"
TEC-AC-10003063,"Memorex Memory Card, Programmable"
TEC-AC-10003063,Micro Innovations USB RF Wireless Keyboard with Mouse
TEC-AC-10003334,"Logitech Numeric Keypad, Programmable"
TEC-AC-10003334,"SanDisk Keyboard, Bluetooth"
TEC-AC-10003611,"Memorex Flash Drive, Programmable"
TEC-AC-10003611,"Memorex Mouse, USB"
TEC-AC-10003668,"Belkin Memory Card, Bluetooth"
TEC-AC-10003668,"Enermax Mouse, Programmable"
TEC-AC-10003832,Imation 16GB Mini TravelDrive USB 2.0 Flash Drive
TEC-AC-10003832,Logitech P710e Mobile Speakerphone
TEC-AC-10003951,"Belkin Mouse, Bluetooth"
TEC-AC-10003951,"Logitech Numeric Keypad, USB"
TEC-AC-10004054,"Memorex Keyboard, Bluetooth"
TEC-AC-10004054,"Memorex Memory Card, Erganomic"
TEC-AC-10004171,Razer Kraken 7.1 Surround Sound Over Ear USB Gaming Headset
TEC-AC-10004171,"SanDisk Numeric Keypad, Bluetooth"
TEC-AC-10004334,"Belkin Memory Card, USB"
TEC-AC-10004334,"Belkin Mouse, Programmable"
TEC-AC-10004334,"Logitech Router, Erganomic"
TEC-AC-10004379,"Memorex Flash Drive, Bluetooth"
TEC-AC-10004379,"SanDisk Flash Drive, Programmable"
TEC-AC-10004571,Logitech G700s Rechargeable Gaming Mouse
TEC-AC-10004571,"Logitech Router, Programmable"
TEC-AC-10004704,"Logitech Numeric Keypad, Bluetooth"
TEC-AC-10004704,"SanDisk Numeric Keypad, USB"
TEC-AC-10004883,"Enermax Keyboard, Programmable"
TEC-AC-10004883,"Logitech Keyboard, Bluetooth"
TEC-AC-10004938,"Belkin Mouse, Bluetooth"
TEC-AC-10004938,"Memorex Router, Bluetooth"
TEC-AC-10004975,Plantronics Audio 995 Wireless Stereo Headset
TEC-AC-10004975,"SanDisk Numeric Keypad, Erganomic"
TEC-CO-10000660,"Brother Fax and Copier, Laser"
TEC-CO-10000660,"Hewlett Copy Machine, Color"
TEC-CO-10001162,"Canon Wireless Fax, Laser"
TEC-CO-10001162,"HP Fax and Copier, Color"
TEC-CO-10001204,"Canon Fax Machine, High-Speed"
TEC-CO-10001204,"Sharp Copy Machine, Color"
TEC-CO-10001703,"Brother Copy Machine, Laser"
TEC-CO-10001703,"Brother Fax and Copier, High-Speed"
TEC-CO-10001766,"Canon Fax Machine, Digital"
TEC-CO-10001766,Canon PC940 Copier
TEC-CO-10001818,"Brother Ink, Digital"
TEC-CO-10001818,"Sharp Wireless Fax, Digital"
TEC-CO-10001831,"Sharp Personal Copier, Laser"
TEC-CO-10001831,"Sharp Wireless Fax, High-Speed"
TEC-CO-10001968,"Canon Personal Copier, Color"
TEC-CO-10001968,"Sharp Ink, High-Speed"
TEC-CO-10002040,"Brother Fax Machine, Digital"
TEC-CO-10002040,"Hewlett Fax and Copier, High-Speed"
TEC-CO-10002065,"HP Fax Machine, High-Speed"
TEC-CO-10002065,"Hewlett Copy Machine, Laser"
TEC-CO-10003342,"Canon Fax Machine, High-Speed"
TEC-CO-10003342,"Canon Wireless Fax, High-Speed"
TEC-CO-10003448,"Canon Ink, Laser"
TEC-CO-10003448,"Canon Personal Copier, Laser"
TEC-CO-10003924,"Brother Ink, Digital"
TEC-CO-10003924,"Hewlett Fax Machine, Digital"
TEC-CO-10004078,"HP Personal Copier, Laser"
TEC-CO-10004078,"Sharp Fax Machine, Laser"
TEC-CO-10004125,"HP Ink, High-Speed"
TEC-CO-10004125,"Sharp Ink, Laser"
TEC-CO-10004981,"Canon Copy Machine, High-Speed"
TEC-CO-10004981,"Sharp Personal Copier, Laser"
TEC-CO-10004998,"HP Fax and Copier, Color"
TEC-CO-10004998,"HP Fax and Copier, Digital"
TEC-MA-10000161,"Konica Receipt Printer, Durable"
TEC-MA-10000161,"Okidata Inkjet, Wireless"
TEC-MA-10000473,"Epson Receipt Printer, Durable"
TEC-MA-10000473,"Konica Phone, Red"
TEC-MA-10000606,"Epson Phone, Wireless"
TEC-MA-10000606,"Okidata Printer, White"
TEC-MA-10000772,"Okidata Phone, Durable"
TEC-MA-10000772,"StarTech Printer, Red"
TEC-MA-10001127,"Epson Inkjet, Wireless"
TEC-MA-10001127,"HP Designjet T520 Inkjet Large Format Printer - 24"" Color"
TEC-MA-10001148,Okidata MB491 Multifunction Printer
TEC-MA-10001148,Swingline SM12-08 MicroCut Jam Free Shredder
TEC-MA-10002844,"Konica Calculator, Durable"
TEC-MA-10002844,"Okidata Receipt Printer, White"
TEC-MA-10002864,"Okidata Calculator, White"
TEC-MA-10002864,"Panasonic Card Printer, Durable"
TEC-MA-10002931,"Konica Receipt Printer, Red"
TEC-MA-10002931,"Okidata Calculator, Durable"
TEC-MA-10003101,"Panasonic Printer, Red"
TEC-MA-10003101,"Panasonic Receipt Printer, Wireless"
TEC-MA-10003176,Okidata B400 Printer
TEC-MA-10003176,"Panasonic Inkjet, Wireless"
TEC-MA-10003326,"Epson Printer, Red"
TEC-MA-10003326,"StarTech Calculator, Durable"
TEC-MA-10004323,"Konica Calculator, Durable"
TEC-MA-10004323,"Panasonic Phone, White"
TEC-MA-10004482,"Panasonic Card Printer, White"
TEC-MA-10004482,"StarTech Card Printer, Red"
TEC-MA-10004609,"Epson Phone, Durable"
TEC-MA-10004609,"Okidata Inkjet, White"
TEC-PH-10000004,Belkin iPhone and iPad Lightning Cable
TEC-PH-10000004,"Cisco Headset, with Caller ID"
TEC-PH-10000038,Jawbone MINI JAMBOX Wireless Bluetooth Speaker
TEC-PH-10000038,"Nokia Speaker Phone, with Caller ID"
TEC-PH-10000160,"Motorola Signal Booster, Cordless"
TEC-PH-10000160,"Motorola Smart Phone, with Caller ID"
TEC-PH-10000169,ARKON Windshield Dashboard Air Vent Car Mount Holder
TEC-PH-10000169,"Apple Smart Phone, with Caller ID"
TEC-PH-10000347,"Cisco Speaker Phone, VoIP"
TEC-PH-10000347,Cush Cases Heavy Duty Rugged Cover Case for Samsung Galaxy S5 - Purple
TEC-PH-10000730,Samsung Galaxy S4 Active
TEC-PH-10000730,"Samsung Office Telephone, VoIP"
TEC-PH-10001433,Cisco Small Business SPA 502G VoIP phone
TEC-PH-10001433,"Motorola Headset, Full Size"
TEC-PH-10001530,Cisco Unified IP Phone 7945G VoIP phone
TEC-PH-10001530,Plantronics Voyager Pro Legend
TEC-PH-10001557,"Apple Speaker Phone, VoIP"
TEC-PH-10001557,Pyle PMP37LED
TEC-PH-10001580,"Apple Office Telephone, VoIP"
TEC-PH-10001580,Logitech Mobile Speakerphone P710e - speaker phone
TEC-PH-10001619,"Cisco Signal Booster, Full Size"
TEC-PH-10001619,LG G3
TEC-PH-10001795,ClearOne CHATAttach 160 - speaker phone
TEC-PH-10001795,RCA H5401RE1 DECT 6.0 4-Line Cordless Handset With Caller ID/Call Waiting
TEC-PH-10001917,"Apple Signal Booster, Cordless"
TEC-PH-10001917,"Motorola Speaker Phone, Full Size"
TEC-PH-10002070,"Apple Headset, with Caller ID"
TEC-PH-10002070,Griffin GC36547 PowerJolt SE Lightning Charger
TEC-PH-10002200,Aastra 6757i CT Wireless VoIP phone
TEC-PH-10002200,Samsung Galaxy Note 2
TEC-PH-10002296,"Nokia Headset, Full Size"
TEC-PH-10002296,"Nokia Signal Booster, with Caller ID"
TEC-PH-10002310,Panasonic KX T7731-B Digital phone
TEC-PH-10002310,Plantronics Calisto P620-M USB Wireless Speakerphone System
TEC-PH-10002483,Motorola Moto X
TEC-PH-10002483,"Motorola Office Telephone, with Caller ID"
TEC-PH-10002564,"Motorola Signal Booster, Full Size"
TEC-PH-10002564,OtterBox Defender Series Case - Samsung Galaxy S4
TEC-PH-10002597,"Apple Signal Booster, with Caller ID"
TEC-PH-10002597,Xblue XB-1670-86 X16 Small Office Telephone - Titanium
TEC-PH-10002645,LG G2
TEC-PH-10002645,"Motorola Signal Booster, with Caller ID"
TEC-PH-10002867,"Apple Signal Booster, Cordless"
TEC-PH-10002867,"Cisco Smart Phone, with Caller ID"
TEC-PH-10002904,"Motorola Office Telephone, Cordless"
TEC-PH-10002904,"Samsung Smart Phone, Full Size"
TEC-PH-10003215,Jackery Bar Premium Fast-charging Portable Charger
TEC-PH-10003215,"Samsung Headset, Full Size"
TEC-PH-10003580,"Apple Speaker Phone, Full Size"
TEC-PH-10003580,Cisco IP Phone 7961G-GE VoIP phone
TEC-PH-10003601,"Apple Office Telephone, with Caller ID"
TEC-PH-10003601,"Ativa D5772 2-Line 5.8GHz Digital Expandable Corded/Cordless Phone System with Answering & Caller ID/Call Waiting, Black/Silver"
TEC-PH-10003713,"Cisco Audio Dock, Cordless"
TEC-PH-10003713,"Nokia Smart Phone, Cordless"
TEC-PH-10003784,"Motorola Signal Booster, Full Size"
TEC-PH-10003784,"Motorola Signal Booster, with Caller ID"
TEC-PH-10003885,"Cisco Headset, with Caller ID"
TEC-PH-10003885,Cisco SPA508G
TEC-PH-10003927,"Cisco Signal Booster, Full Size"
TEC-PH-10003927,"Nokia Audio Dock, with Caller ID"
TEC-PH-10003963,"Apple Signal Booster, Full Size"
TEC-PH-10003963,GE 2-Jack Phone Line Splitter
TEC-PH-10004006,"Nokia Audio Dock, Full Size"
TEC-PH-10004006,Panasonic KX - TS880B Telephone
TEC-PH-10004093,"Motorola Audio Dock, VoIP"
TEC-PH-10004093,Panasonic Kx-TS550
TEC-PH-10004241,"Cisco Headset, Cordless"
TEC-PH-10004241,Nokia Lumia 1020
TEC-PH-10004358,"Cisco Audio Dock, VoIP"
TEC-PH-10004358,"Samsung Office Telephone, Cordless"
TEC-PH-10004531,AT&T CL2909
TEC-PH-10004531,OtterBox Commuter Series Case - iPhone 5 & 5s
TEC-PH-10004614,AT&T 841000 Phone
TEC-PH-10004614,"Cisco Headset, Full Size"
TEC-PH-10004618,"Motorola Signal Booster, Cordless"
TEC-PH-10004618,"Motorola Speaker Phone, VoIP"
TEC-PH-10004655,"Apple Speaker Phone, Cordless"
TEC-PH-10004655,"Motorola Office Telephone, Cordless"
TEC-PH-10004959,Classic Ivory Antique Telephone ZL1810
TEC-PH-10004959,"Motorola Audio Dock, with Caller ID"
